headline_home_style,headline_lot_size,headline_num_baths,headline_num_beds,headline_square_feet,listing_features_amenity,listing_features_days_on_trulia,listing_features_home_style,listing_features_last_update,listing_features_lot_size,listing_features_num_baths,listing_features_num_beds,listing_features_num_views,listing_features_square_feet,listing_features_virtual_tour,listing_features_year_built,monthly_payment,old_price,overview_days_on_trulia,overview_home_style,overview_lot_size,overview_num_baths,overview_num_beds,overview_num_views,overview_square_feet,overview_year_built,price,public_records_exist,public_records_features_,public_records_features_days_on_trulia,public_records_features_home_style,public_records_features_last_update,public_records_features_lot_size,public_records_features_num_baths,public_records_features_num_beds,public_records_features_num_views,public_records_features_square_feet,public_records_features_virtual_tour,public_records_features_year_built
Single-Family Home,0.25 acres lot size,5 baths,4 beds,not listed,11.0,not listed,Single-Family Home,Updated: 05/07/2018,not listed,not listed,not listed,not listed,not listed,See Virtual Tour,not listed,"$6,521",not listed,1 day on Trulia,Single-Family Home,0.25 acres lot size,5 Baths,4 Beds,519 views,not listed,Built in 1950,"$1,049,000",1.0,Property Type: Single Family Residential,not listed,Single-Family Home,Updated: 06/01/2017,not listed,not listed,not listed,not listed,"3,151 Square Feet",not listed,not listed
Single-Family Home,0.27 acres lot size,5 baths,5 beds,not listed,16.0,not listed,Single-Family Home,Updated: 04/08/2018,not listed,not listed,not listed,not listed,not listed,See Virtual Tour,not listed,"$8,481",not listed,30 days on Trulia,Single-Family Home,0.27 acres lot size,5 Baths,5 Beds,480 views,not listed,Built in 1929,"$1,368,000",1.0,Construction Type: Frame,not listed,Single-Family Home,Updated: 06/01/2017,not listed,not listed,not listed,not listed,"3,140 Square Feet",not listed,not listed
Single-Family Home,0.40 acres lot size,4 baths,5 beds,not listed,10.0,not listed,Single-Family Home,Updated: 04/12/2018,not listed,not listed,not listed,not listed,not listed,See Virtual Tour,not listed,"$9,906",not listed,55 days on Trulia,Single-Family Home,0.40 acres lot size,4 Baths,5 Beds,480 views,not listed,Built in 1897,"$1,599,900",1.0,Construction Type: Frame,not listed,Single-Family Home,Updated: 06/01/2017,not listed,not listed,not listed,not listed,"3,621 Square Feet",not listed,not listed
Single-Family Home,0.33 acres lot size,7 baths,5 beds,not listed,7.0,not listed,Single-Family Home,Updated: 04/10/2018,not listed,not listed,not listed,not listed,not listed,See Virtual Tour,not listed,"$9,765",not listed,48 days on Trulia,Single-Family Home,0.33 acres lot size,7 Baths,5 Beds,95 views,not listed,Built in 1920,"$1,577,000",1.0,Property Type: Single Family Residential,not listed,Single-Family Home,Updated: 06/01/2017,not listed,not listed,not listed,not listed,"2,100 Square Feet",not listed,not listed
Condo,not listed,2 baths,2 beds,not listed,15.0,not listed,Condo,Updated: 04/29/2018,not listed,not listed,not listed,not listed,not listed,See Virtual Tour,not listed,"$2,711",not listed,33 days on Trulia,Condo,not listed,2 Baths,2 Beds,307 views,not listed,Built in 1986,"$429,000",0.0,,,,,,,,,,,
Single-Family Home,0.28 acres lot size,5 baths,4 beds,not listed,14.0,not listed,Single-Family Home,Updated: 05/03/2018,not listed,not listed,not listed,not listed,not listed,not listed,not listed,"$6,152",not listed,19 days on Trulia,Single-Family Home,0.28 acres lot size,5 Baths,4 Beds,41 views,not listed,Built in 2018,"$989,000",0.0,,,,,,,,,,,
Single-Family Home,0.46 acres lot size,4 baths,5 beds,"4,011 sqft",30.0,not listed,Single-Family Home,Updated: 04/16/2018,not listed,not listed,not listed,not listed,"4,011 Square Feet",See Virtual Tour,not listed,"$8,671",not listed,23 days on Trulia,Single-Family Home,0.46 acres lot size,4 Baths,5 Beds,204 views,$349/sqft,Built in 2006,"$1,399,000",1.0,Property Type: Single Family Residential,not listed,Single-Family Home,Updated: 06/01/2017,not listed,not listed,not listed,not listed,"3,696 Square Feet",not listed,not listed
Single-Family Home,4200 sqft lot size,1 bath,2 beds,"1,088 sqft",28.0,not listed,Single-Family Home,Updated: 04/27/2018,not listed,not listed,not listed,not listed,"1,088 Square Feet",not listed,not listed,"$2,465",not listed,11 days on Trulia,Single-Family Home,4200 sqft lot size,1 Bath,2 Beds,95 views,$358/sqft,Built in 1928,"$389,000",1.0,Property Type: Single Family Residential,not listed,Single-Family Home,Updated: 06/01/2017,not listed,not listed,not listed,not listed,"1,088 Square Feet",not listed,not listed
Single-Family Home,0.53 acres lot size,3 baths,4 beds,"2,464 sqft",31.0,not listed,Single-Family Home,Updated: 04/16/2018,not listed,not listed,not listed,not listed,"2,464 Square Feet",See Virtual Tour,not listed,"$4,776",not listed,22 days on Trulia,Single-Family Home,0.53 acres lot size,3 Baths,4 Beds,253 views,$310/sqft,Built in 1956,"$765,000",1.0,Property Type: Single Family Residential,not listed,Single-Family Home,Updated: 06/01/2017,not listed,not listed,not listed,not listed,"2,094 Square Feet",not listed,not listed
Single-Family Home,9147 sqft lot size,2 baths,4 beds,"2,568 sqft",12.0,not listed,Single-Family Home,Updated: 04/10/2018,not listed,not listed,not listed,not listed,"2,568 Square Feet",See Virtual Tour,not listed,"$4,370",not listed,116 days on Trulia,Single-Family Home,9147 sqft lot size,2 Baths,4 Beds,1216 views,$272/sqft,Built in 1926,"$699,000",1.0,Construction Type: Frame,not listed,Single-Family Home,Updated: 06/01/2017,not listed,not listed,not listed,not listed,"2,568 Square Feet",not listed,not listed
Single-Family Home,10018 sqft lot size,3 baths,4 beds,not listed,7.0,not listed,Single-Family Home,Updated: 05/05/2018,not listed,not listed,not listed,not listed,not listed,See Virtual Tour,not listed,"$3,756",not listed,3 days on Trulia,Single-Family Home,10018 sqft lot size,3 Baths,4 Beds,67 views,not listed,Built in 1920,"$599,000",1.0,Property Type: Single Family Residential,not listed,Single-Family Home,Updated: 06/01/2017,not listed,not listed,not listed,not listed,"2,297 Square Feet",not listed,not listed
Condo,not listed,3 baths,2 beds,not listed,9.0,not listed,Condo,Updated: 04/15/2018,not listed,not listed,not listed,not listed,not listed,not listed,not listed,"$8,984",not listed,29 days on Trulia,Condo,not listed,3 Baths,2 Beds,54 views,not listed,Built in 2008,"$1,450,000",0.0,,,,,,,,,,,
Single-Family Home,0.75 acres lot size,8 baths,6 beds,"7,500 sqft",9.0,not listed,Single-Family Home,Updated: 05/07/2018,not listed,not listed,not listed,not listed,"7,500 Square Feet",See Virtual Tour,not listed,"$15,436",not listed,168 days on Trulia,Single-Family Home,0.75 acres lot size,8 Baths,6 Beds,910 views,$333/sqft,Built in 1965,"$2,500,000",1.0,Construction Type: Frame,not listed,Single-Family Home,Updated: 06/01/2017,not listed,not listed,not listed,not listed,"5,362 Square Feet",not listed,not listed
Single-Family Home,8276 sqft lot size,3 baths,4 beds,not listed,9.0,not listed,Single-Family Home,Updated: 05/01/2018,not listed,not listed,not listed,not listed,not listed,See Virtual Tour,not listed,"$8,369",not listed,7 days on Trulia,Single-Family Home,8276 sqft lot size,3 Baths,4 Beds,95 views,not listed,Built in 2009,"$1,349,900",1.0,Construction Type: Frame,not listed,Single-Family Home,Updated: 06/01/2017,not listed,not listed,not listed,not listed,"2,630 Square Feet",not listed,not listed
Single-Family Home,0.26 acres lot size,2 baths,3 beds,not listed,5.0,not listed,Single-Family Home,Updated: 04/20/2018,not listed,not listed,not listed,not listed,not listed,See Virtual Tour,not listed,"$4,683",not listed,18 days on Trulia,Single-Family Home,0.26 acres lot size,2 Baths,3 Beds,82 views,not listed,Built in 1920,"$750,000",1.0,Property Type: Single Family Residential,not listed,Single-Family Home,Updated: 06/01/2017,not listed,not listed,not listed,not listed,not listed,not listed,not listed
Single-Family Home,0.41 acres lot size,6 baths,7 beds,"5,374 sqft",25.0,not listed,Single-Family Home,Updated: 04/07/2018,not listed,not listed,not listed,not listed,"5,374 Square Feet",See Virtual Tour,not listed,"$8,032",not listed,71 days on Trulia,Single-Family Home,0.41 acres lot size,6 Baths,7 Beds,940 views,$241/sqft,Built in 1918,"$1,295,000",1.0,Construction Type: Frame,not listed,Single-Family Home,Updated: 06/01/2017,not listed,not listed,not listed,not listed,"6,059 Square Feet",not listed,not listed
Single-Family Home,6969 sqft lot size,not listed,not listed,"1,460 sqft",1.0,not listed,Single-Family Home,Updated: 05/07/2018,not listed,not listed,not listed,not listed,"1,460 Square Feet",not listed,not listed,"$2,528",not listed,151 days on Trulia,Single-Family Home,6969 sqft lot size,not listed,not listed,43 views,$273/sqft,Built in 1920,"$399,169
      
              Starting Bid Price",0.0,,,,,,,,,,,
Single-Family Home,5662 sqft lot size,2 baths,3 beds,"1,400 sqft",21.0,not listed,Single-Family Home,Updated: 05/03/2018,not listed,not listed,not listed,not listed,"1,400 Square Feet",See Virtual Tour,not listed,"$3,448",not listed,18 days on Trulia,Single-Family Home,5662 sqft lot size,2 Baths,3 Beds,648 views,$392/sqft,Built in 1933,"$549,000",1.0,Property Type: Single Family Residential,not listed,Single-Family Home,Updated: 06/01/2017,not listed,not listed,not listed,not listed,"1,414 Square Feet",not listed,not listed
Single-Family Home,9583 sqft lot size,3 baths,4 beds,not listed,18.0,not listed,Single-Family Home,Updated: 05/04/2018,not listed,not listed,not listed,not listed,not listed,See Virtual Tour,not listed,"$4,223",not listed,13 days on Trulia,Single-Family Home,9583 sqft lot size,3 Baths,4 Beds,164 views,not listed,Built in 1956,"$675,000",1.0,Property Type: Single Family Residential,not listed,Single-Family Home,Updated: 06/01/2017,not listed,not listed,not listed,not listed,"1,568 Square Feet",not listed,not listed
Single-Family Home,33.00 acres lot size,1 bath,2 beds,804 sqft,10.0,not listed,Single-Family Home,Updated: 03/15/2018,not listed,not listed,not listed,not listed,804 Square Feet,not listed,not listed,"$1,610",not listed,105 days on Trulia,Single-Family Home,33.00 acres lot size,1 Bath,2 Beds,906 views,$311/sqft,Built in 1965,"$249,900",0.0,,,,,,,,,,,
Single-Family Home,0.46 acres lot size,2 baths,4 beds,not listed,14.0,not listed,Single-Family Home,Updated: 12/08/2017,not listed,not listed,not listed,not listed,not listed,not listed,not listed,"$3,756",not listed,152 days on Trulia,Single-Family Home,0.46 acres lot size,2 Baths,4 Beds,425 views,not listed,Built in 1949,"$599,000",1.0,Property Type: Single Family Residential,not listed,Single-Family Home,Updated: 06/01/2017,not listed,not listed,not listed,not listed,"1,360 Square Feet",not listed,not listed
Single-Family Home,7840 sqft lot size,3 baths,4 beds,"2,438 sqft",9.0,not listed,Single-Family Home,Updated: 05/02/2018,not listed,not listed,not listed,not listed,"2,438 Square Feet",See Virtual Tour,not listed,"$5,297",not listed,6 days on Trulia,Single-Family Home,7840 sqft lot size,3 Baths,4 Beds,94 views,$349/sqft,Built in 1921,"$849,900",1.0,Construction Type: Frame,not listed,Single-Family Home,Updated: 06/01/2017,not listed,not listed,not listed,not listed,"2,438 Square Feet",not listed,not listed
Single-Family Home,0.42 acres lot size,5 baths,6 beds,not listed,7.0,not listed,Single-Family Home,Updated: 05/03/2018,not listed,not listed,not listed,not listed,not listed,See Virtual Tour,not listed,"$7,387",not listed,26 days on Trulia,Single-Family Home,0.42 acres lot size,5 Baths,6 Beds,336 views,not listed,Built in 1884,"$1,190,000",1.0,Construction Type: Frame,not listed,Single-Family Home,Updated: 06/01/2017,not listed,not listed,not listed,not listed,"3,785 Square Feet",not listed,not listed
Single-Family Home,6969 sqft lot size,5 baths,5 beds,"1,200 sqft",23.0,not listed,Single-Family Home,Updated: 03/22/2018,not listed,not listed,not listed,not listed,"1,200 Square Feet",See Virtual Tour,not listed,"$6,219",not listed,48 days on Trulia,Single-Family Home,6969 sqft lot size,5 Baths,5 Beds,70 views,$833/sqft,Built in 1928,"$999,999",1.0,Property Type: Single Family Residential,not listed,Single-Family Home,Updated: 06/01/2017,not listed,not listed,not listed,not listed,"1,362 Square Feet",not listed,not listed
Condo,not listed,4 baths,2 beds,not listed,15.0,not listed,Condo,Updated: 04/24/2018,not listed,not listed,not listed,not listed,not listed,not listed,not listed,"$3,485",not listed,50 days on Trulia,Condo,not listed,4 Baths,2 Beds,573 views,not listed,Built in 1983,"$554,900",1.0,Units in Building: 1,not listed,Property Type: Condominium (Residential),Updated: 06/01/2017,not listed,not listed,not listed,not listed,"1,768 Square Feet",not listed,not listed
Single-Family Home,10454 sqft lot size,3 baths,4 beds,not listed,30.0,not listed,Single-Family Home,Updated: 04/27/2018,not listed,not listed,not listed,not listed,not listed,See Virtual Tour,not listed,"$5,236",not listed,89 days on Trulia,Single-Family Home,10454 sqft lot size,3 Baths,4 Beds,957 views,not listed,Built in 1953,"$839,900",1.0,Property Type: Single Family Residential,not listed,Single-Family Home,Updated: 06/01/2017,not listed,not listed,not listed,not listed,"2,275 Square Feet",not listed,not listed
Single-Family Home,0.31 acres lot size,6 baths,6 beds,not listed,5.0,not listed,Single-Family Home,Updated: 01/09/2018,not listed,not listed,not listed,not listed,not listed,not listed,not listed,"$9,832",not listed,186 days on Trulia,Single-Family Home,0.31 acres lot size,6 Baths,6 Beds,261 views,not listed,Built in 2017,"$1,588,000",0.0,,,,,,,,,,,
Single-Family Home,0.29 acres lot size,3 baths,3 beds,"3,000 sqft",33.0,not listed,Single-Family Home,Updated: 05/02/2018,not listed,not listed,not listed,not listed,"3,000 Square Feet",not listed,not listed,"$5,387",not listed,12 days on Trulia,Single-Family Home,0.29 acres lot size,3 Baths,3 Beds,32 views,$288/sqft,Built in 1962,"$864,500",1.0,Property Type: Single Family Residential,not listed,Single-Family Home,Updated: 06/01/2017,not listed,not listed,not listed,not listed,"2,507 Square Feet",not listed,not listed
Single-Family Home,0.43 acres lot size,6 baths,5 beds,"7,400 sqft",19.0,not listed,Single-Family Home,Updated: 03/23/2018,not listed,not listed,not listed,not listed,"7,400 Square Feet",See Virtual Tour,not listed,"$11,104",not listed,54 days on Trulia,Single-Family Home,0.43 acres lot size,6 Baths,5 Beds,453 views,$243/sqft,Built in 2006,"$1,795,000",1.0,Property Type: Single Family Residential,not listed,Single-Family Home,Updated: 06/01/2017,not listed,not listed,not listed,not listed,"5,951 Square Feet",not listed,not listed
Single-Family Home,0.26 acres lot size,not listed,not listed,"1,372 sqft",1.0,not listed,Single-Family Home,Updated: 07/28/2017,not listed,not listed,not listed,not listed,"1,372 Square Feet",not listed,not listed,not listed,not listed,231 days on Trulia,Single-Family Home,0.26 acres lot size,not listed,not listed,45 views,"1,372 sqft",Built in 1960,,1.0,Construction Type: Frame,not listed,Single-Family Home,Updated: 06/01/2017,not listed,not listed,not listed,not listed,"1,372 Square Feet",not listed,not listed
Single-Family Home,0.42 acres lot size,7 baths,6 beds,"2,100 sqft",15.0,not listed,Single-Family Home,Updated: 04/10/2018,not listed,not listed,not listed,not listed,"2,100 Square Feet",not listed,not listed,"$10,828",not listed,42 days on Trulia,Single-Family Home,0.42 acres lot size,7 Baths,6 Beds,404 views,$833/sqft,Built in 2018,"$1,750,000",1.0,Property Type: Single Family Residential,not listed,Single-Family Home,Updated: 06/01/2017,not listed,not listed,not listed,not listed,"1,716 Square Feet",not listed,not listed
Single-Family Home,10454 sqft lot size,5 baths,5 beds,"4,897 sqft",29.0,not listed,Single-Family Home,Updated: 05/01/2018,not listed,not listed,not listed,not listed,"4,897 Square Feet",See Virtual Tour,not listed,"$7,418",not listed,62 days on Trulia,Single-Family Home,10454 sqft lot size,5 Baths,5 Beds,528 views,$244/sqft,Built in 1925,"$1,195,000",1.0,Property Type: Single Family Residential,not listed,Single-Family Home,Updated: 06/01/2017,not listed,not listed,not listed,not listed,"4,897 Square Feet",not listed,not listed
Single-Family Home,0.45 acres lot size,4 baths,5 beds,not listed,10.0,not listed,Single-Family Home,Updated: 05/04/2018,not listed,not listed,not listed,not listed,not listed,See Virtual Tour,not listed,"$6,772",not listed,55 days on Trulia,Single-Family Home,0.45 acres lot size,4 Baths,5 Beds,535 views,not listed,Built in 1935,"$1,090,000",1.0,Property Type: Single Family Residential,not listed,Single-Family Home,Updated: 06/01/2017,not listed,not listed,not listed,not listed,"3,363 Square Feet",not listed,not listed
Single-Family Home,10018 sqft lot size,4 baths,5 beds,"3,200 sqft",24.0,not listed,Single-Family Home,Updated: 04/24/2018,not listed,not listed,not listed,not listed,"3,200 Square Feet",See Virtual Tour,not listed,"$5,292",not listed,46 days on Trulia,Single-Family Home,10018 sqft lot size,4 Baths,5 Beds,168 views,$265/sqft,Built in 1973,"$849,000",1.0,Property Type: Single Family Residential,not listed,Single-Family Home,Updated: 06/01/2017,not listed,not listed,not listed,not listed,"3,084 Square Feet",not listed,not listed
Single-Family Home,0.46 acres lot size,3 baths,4 beds,"3,000 sqft",30.0,not listed,Single-Family Home,Updated: 04/18/2018,not listed,not listed,not listed,not listed,"3,000 Square Feet",not listed,not listed,"$5,476",not listed,20 days on Trulia,Single-Family Home,0.46 acres lot size,3 Baths,4 Beds,1074 views,$293/sqft,Built in 1960,"$879,000",0.0,,,,,,,,,,,
Single-Family Home,0.31 acres lot size,4 baths,4 beds,not listed,15.0,not listed,Single-Family Home,Updated: 05/03/2018,not listed,not listed,not listed,not listed,not listed,See Virtual Tour,not listed,"$5,298",not listed,13 days on Trulia,Single-Family Home,0.31 acres lot size,4 Baths,4 Beds,163 views,not listed,Built in 1920,"$850,000",1.0,Construction Type: Frame,not listed,Single-Family Home,Updated: 06/01/2017,not listed,not listed,not listed,not listed,not listed,not listed,not listed
Single-Family Home,6969 sqft lot size,2 baths,3 beds,not listed,10.0,not listed,Single-Family Home,Updated: 04/23/2018,not listed,not listed,not listed,not listed,not listed,See Virtual Tour,not listed,"$2,527",not listed,64 days on Trulia,Single-Family Home,6969 sqft lot size,2 Baths,3 Beds,1428 views,not listed,not listed,"$399,000",1.0,Construction Type: Frame,not listed,Single-Family Home,Updated: 06/01/2017,not listed,not listed,not listed,not listed,"1,404 Square Feet",not listed,not listed
Single-Family Home,not listed,3 baths,4 beds,"2,639 sqft",17.0,not listed,Single-Family Home,Updated: 05/04/2018,not listed,not listed,not listed,not listed,"2,639 Square Feet",See Virtual Tour,not listed,"$5,537",not listed,5 days on Trulia,Single-Family Home,not listed,3 Baths,4 Beds,69 views,$337/sqft,Built in 2005,"$889,000",1.0,Property Type: Single Family Residential,not listed,Single-Family Home,Updated: 06/01/2017,not listed,not listed,not listed,not listed,"2,639 Square Feet",not listed,not listed
Single-Family Home,0.25 acres lot size,2 baths,3 beds,not listed,18.0,not listed,Single-Family Home,Updated: 05/01/2018,not listed,not listed,not listed,not listed,not listed,See Virtual Tour,not listed,"$4,143",not listed,75 days on Trulia,Single-Family Home,0.25 acres lot size,2 Baths,3 Beds,323 views,not listed,Built in 1957,"$662,000",1.0,Property Type: Single Family Residential,not listed,Single-Family Home,Updated: 06/01/2017,not listed,not listed,not listed,not listed,"1,679 Square Feet",not listed,not listed
Single-Family Home,0.27 acres lot size,5 baths,5 beds,"4,500 sqft",35.0,not listed,Single-Family Home,Updated: 04/23/2018,not listed,not listed,not listed,not listed,"4,500 Square Feet",See Virtual Tour,not listed,"$9,286",not listed,40 days on Trulia,Single-Family Home,0.27 acres lot size,5 Baths,5 Beds,712 views,$333/sqft,Built in 1890,"$1,499,000",1.0,Construction Type: Frame,not listed,Single-Family Home,Updated: 06/01/2017,not listed,not listed,not listed,not listed,1 Square Feet,not listed,not listed
Single-Family Home,9147 sqft lot size,3 baths,5 beds,not listed,8.0,not listed,Single-Family Home,Updated: 04/10/2018,not listed,not listed,not listed,not listed,not listed,See Virtual Tour,not listed,"$4,984",not listed,47 days on Trulia,Single-Family Home,9147 sqft lot size,3 Baths,5 Beds,281 views,not listed,Built in 1918,"$799,000",1.0,Property Type: Single Family Residential,not listed,Single-Family Home,Updated: 06/01/2017,not listed,not listed,not listed,not listed,"2,331 Square Feet",not listed,not listed
Single-Family Home,7405 sqft lot size,3 baths,4 beds,"2,196 sqft",10.0,not listed,Single-Family Home,Updated: 05/03/2018,not listed,not listed,not listed,not listed,"2,196 Square Feet",See Virtual Tour,not listed,"$4,683",not listed,11 days on Trulia,Single-Family Home,7405 sqft lot size,3 Baths,4 Beds,180 views,$342/sqft,Built in 1935,"$750,000",1.0,Property Type: Single Family Residential,not listed,Single-Family Home,Updated: 06/01/2017,not listed,not listed,not listed,not listed,"2,196 Square Feet",not listed,not listed
Condo,not listed,2 baths,2 beds,not listed,3.0,not listed,Condo,Updated: 04/11/2018,not listed,not listed,not listed,not listed,not listed,See Virtual Tour,not listed,"$1,795",not listed,178 days on Trulia,Condo,not listed,2 Baths,2 Beds,1147 views,not listed,Built in 1965,"$279,900",0.0,,,,,,,,,,,
Single-Family Home,0.40 acres lot size,4 baths,5 beds,not listed,10.0,not listed,Single-Family Home,Updated: 05/06/2018,not listed,not listed,not listed,not listed,not listed,See Virtual Tour,not listed,"$10,367",not listed,41 days on Trulia,Single-Family Home,0.40 acres lot size,4 Baths,5 Beds,132 views,not listed,Built in 2001,"$1,675,000",1.0,Construction Type: Frame,not listed,Single-Family Home,Updated: 06/01/2017,not listed,not listed,not listed,not listed,"5,445 Square Feet",not listed,not listed
Single-Family Home,0.26 acres lot size,4 baths,4 beds,"2,277 sqft",5.0,not listed,Single-Family Home,Updated: 04/11/2018,not listed,not listed,not listed,not listed,"2,277 Square Feet",See Virtual Tour,not listed,"$4,376",not listed,27 days on Trulia,Single-Family Home,0.26 acres lot size,4 Baths,4 Beds,280 views,$307/sqft,Built in 1971,"$700,000",1.0,Property Type: Single Family Residential,not listed,Single-Family Home,Updated: 06/01/2017,not listed,not listed,not listed,not listed,"2,277 Square Feet",not listed,not listed
Single-Family Home,0.25 acres lot size,3 baths,4 beds,"2,184 sqft",23.0,not listed,Single-Family Home,Updated: 04/06/2018,not listed,not listed,not listed,not listed,"2,184 Square Feet",not listed,not listed,"$4,057",not listed,32 days on Trulia,Single-Family Home,0.25 acres lot size,3 Baths,4 Beds,97 views,$297/sqft,Built in 1956,"$648,000",1.0,Property Type: Single Family Residential,not listed,Single-Family Home,Updated: 06/01/2017,not listed,not listed,not listed,not listed,"1,526 Square Feet",not listed,not listed
Single-Family Home,0.46 acres lot size,6 baths,5 beds,"3,685 sqft",20.0,not listed,Single-Family Home,Updated: 04/24/2018,not listed,not listed,not listed,not listed,"3,685 Square Feet",See Virtual Tour,not listed,"$8,216",not listed,15 days on Trulia,Single-Family Home,0.46 acres lot size,6 Baths,5 Beds,86 views,$360/sqft,Built in 1962,"$1,325,000",1.0,Construction Type: Frame,not listed,Single-Family Home,Updated: 06/01/2017,not listed,not listed,not listed,not listed,"3,685 Square Feet",not listed,not listed
Single-Family Home,6098 sqft lot size,4 baths,3 beds,"1,324 sqft",15.0,not listed,Single-Family Home,Updated: 05/01/2018,not listed,not listed,not listed,not listed,"1,324 Square Feet",See Virtual Tour,not listed,"$3,239",not listed,69 days on Trulia,Single-Family Home,6098 sqft lot size,4 Baths,3 Beds,979 views,$389/sqft,Built in 1938,"$515,000",1.0,Construction Type: Frame,not listed,Single-Family Home,Updated: 06/01/2017,not listed,not listed,not listed,not listed,"1,324 Square Feet",not listed,not listed
Single-Family Home,0.28 acres lot size,5 baths,4 beds,not listed,14.0,not listed,Single-Family Home,Updated: 05/03/2018,not listed,not listed,not listed,not listed,not listed,not listed,not listed,"$6,152",not listed,19 days on Trulia,Single-Family Home,0.28 acres lot size,5 Baths,4 Beds,80 views,not listed,Built in 2018,"$989,000",1.0,Property Type: Single Family Residential,not listed,Single-Family Home,Updated: 06/01/2017,not listed,not listed,not listed,not listed,"1,702 Square Feet",not listed,not listed
Single-Family Home,10018 sqft lot size,4 baths,4 beds,"2,784 sqft",21.0,not listed,Single-Family Home,Updated: 04/13/2018,not listed,not listed,not listed,not listed,"2,784 Square Feet",See Virtual Tour,not listed,"$5,482",not listed,25 days on Trulia,Single-Family Home,10018 sqft lot size,4 Baths,4 Beds,98 views,$316/sqft,Built in 1975,"$879,900",1.0,Property Type: Single Family Residential,not listed,Single-Family Home,Updated: 06/01/2017,not listed,not listed,not listed,not listed,"2,784 Square Feet",not listed,not listed
Single-Family Home,0.31 acres lot size,6 baths,6 beds,not listed,6.0,not listed,Single-Family Home,Updated: 01/09/2018,not listed,not listed,not listed,not listed,not listed,not listed,not listed,"$9,291",not listed,186 days on Trulia,Single-Family Home,0.31 acres lot size,6 Baths,6 Beds,306 views,not listed,Built in 2017,"$1,499,900",0.0,,,,,,,,,,,
Single-Family Home,8712 sqft lot size,2 baths,4 beds,"1,688 sqft",18.0,not listed,Single-Family Home,Updated: 05/07/2018,not listed,not listed,not listed,not listed,"1,688 Square Feet",See Virtual Tour,not listed,"$4,677",not listed,68 days on Trulia,Single-Family Home,8712 sqft lot size,2 Baths,4 Beds,1066 views,$444/sqft,Built in 1924,"$749,000",1.0,Property Type: Single Family Residential,not listed,Single-Family Home,Updated: 06/01/2017,not listed,not listed,not listed,not listed,"1,688 Square Feet",not listed,not listed
Single-Family Home,5662 sqft lot size,2 baths,4 beds,not listed,9.0,not listed,Single-Family Home,Updated: 05/01/2018,not listed,not listed,not listed,not listed,not listed,not listed,not listed,"$3,362",not listed,13 days on Trulia,Single-Family Home,5662 sqft lot size,2 Baths,4 Beds,136 views,not listed,not listed,"$534,900",1.0,Construction Type: Frame,not listed,Single-Family Home,Updated: 06/01/2017,not listed,not listed,not listed,not listed,not listed,not listed,not listed
Single-Family Home,0.30 acres lot size,3 baths,4 beds,"2,436 sqft",21.0,not listed,Single-Family Home,Updated: 04/25/2018,not listed,not listed,not listed,not listed,"2,436 Square Feet",See Virtual Tour,not listed,"$5,144",not listed,13 days on Trulia,Single-Family Home,0.30 acres lot size,3 Baths,4 Beds,242 views,$339/sqft,Built in 1959,"$825,000",1.0,Construction Type: Frame,not listed,Single-Family Home,Updated: 06/01/2017,not listed,not listed,not listed,not listed,"2,436 Square Feet",not listed,not listed
Single-Family Home,6098 sqft lot size,3 baths,4 beds,"2,400 sqft",26.0,not listed,Single-Family Home,Updated: 05/07/2018,not listed,not listed,not listed,not listed,"2,400 Square Feet",not listed,not listed,"$4,984",not listed,1 day on Trulia,Single-Family Home,6098 sqft lot size,3 Baths,4 Beds,not listed,$333/sqft,Built in 1920,"$799,000",1.0,Property Type: Single Family Residential,not listed,Single-Family Home,Updated: 06/01/2017,not listed,not listed,not listed,not listed,"1,836 Square Feet",not listed,not listed
Single-Family Home,10018 sqft lot size,3 baths,3 beds,"2,142 sqft",38.0,not listed,Single-Family Home,Updated: 05/03/2018,not listed,not listed,not listed,not listed,"2,142 Square Feet",not listed,not listed,"$4,616",not listed,18 days on Trulia,Single-Family Home,10018 sqft lot size,3 Baths,3 Beds,446 views,$345/sqft,Built in 1951,"$739,000",1.0,Property Type: Single Family Residential,not listed,Single-Family Home,Updated: 06/01/2017,not listed,not listed,not listed,not listed,"1,488 Square Feet",not listed,not listed
Single-Family Home,9583 sqft lot size,3 baths,3 beds,not listed,4.0,not listed,Single-Family Home,Updated: 04/30/2018,not listed,not listed,not listed,not listed,not listed,See Virtual Tour,not listed,"$3,694",not listed,8 days on Trulia,Single-Family Home,9583 sqft lot size,3 Baths,3 Beds,636 views,not listed,Built in 1959,"$589,000",1.0,Property Type: Single Family Residential,not listed,Single-Family Home,Updated: 06/01/2017,not listed,not listed,not listed,not listed,"1,933 Square Feet",not listed,not listed
Single-Family Home,0.28 acres lot size,4 baths,5 beds,"3,382 sqft",20.0,not listed,Single-Family Home,Updated: 04/22/2018,not listed,not listed,not listed,not listed,"3,382 Square Feet",See Virtual Tour,not listed,"$5,420",not listed,24 days on Trulia,Single-Family Home,0.28 acres lot size,4 Baths,5 Beds,337 views,$257/sqft,Built in 1957,"$869,900",1.0,Property Type: Single Family Residential,not listed,Single-Family Home,Updated: 06/01/2017,not listed,not listed,not listed,not listed,"3,382 Square Feet",not listed,not listed
Single-Family Home,0.26 acres lot size,3 baths,4 beds,"2,146 sqft",27.0,not listed,Single-Family Home,Updated: 04/18/2018,not listed,not listed,not listed,not listed,"2,146 Square Feet",not listed,not listed,"$3,756",not listed,47 days on Trulia,Single-Family Home,0.26 acres lot size,3 Baths,4 Beds,1271 views,$279/sqft,Built in 1960,"$599,000",1.0,Construction Type: Frame,not listed,Single-Family Home,Updated: 06/01/2017,not listed,not listed,not listed,not listed,"2,146 Square Feet",not listed,not listed
Single-Family Home,7405 sqft lot size,3 baths,4 beds,not listed,5.0,not listed,Single-Family Home,Updated: 04/18/2018,not listed,not listed,not listed,not listed,not listed,See Virtual Tour,not listed,"$4,345",not listed,21 days on Trulia,Single-Family Home,7405 sqft lot size,3 Baths,4 Beds,177 views,not listed,Built in 1930,"$695,000",1.0,Property Type: Single Family Residential,not listed,Single-Family Home,Updated: 06/01/2017,not listed,not listed,not listed,not listed,"2,062 Square Feet",not listed,not listed
Single-Family Home,8775 sqft lot size,2 baths,4 beds,not listed,3.0,not listed,Single-Family Home,Updated: 02/24/2018,not listed,not listed,not listed,not listed,not listed,not listed,not listed,"$3,387",not listed,73 days on Trulia,Single-Family Home,8775 sqft lot size,2 Baths,4 Beds,535 views,not listed,Built in 1950,"$539,000",1.0,Property Type: Single Family Residential,not listed,Single-Family Home,Updated: 06/01/2017,not listed,not listed,not listed,not listed,not listed,not listed,not listed
Single-Family Home,1.38 acres lot size,2 baths,5 beds,"2,496 sqft",7.0,not listed,Single-Family Home,Updated: 05/02/2018,not listed,not listed,not listed,not listed,"2,496 Square Feet",not listed,not listed,"$3,147",not listed,7 days on Trulia,Single-Family Home,1.38 acres lot size,2 Baths,5 Beds,90 views,$200/sqft,Built in 1912,"$500,000",1.0,Property Type: Single Family Residential,not listed,Single-Family Home,Updated: 06/01/2017,not listed,not listed,not listed,not listed,"2,496 Square Feet",not listed,not listed
Single-Family Home,5048 sqft lot size,3 baths,3 beds,not listed,12.0,not listed,Single-Family Home,Updated: 04/10/2018,not listed,not listed,not listed,not listed,not listed,See Virtual Tour,not listed,"$4,124",not listed,33 days on Trulia,Single-Family Home,5048 sqft lot size,3 Baths,3 Beds,147 views,not listed,Built in 1936,"$659,000",1.0,Construction Type: Frame,not listed,Single-Family Home,Updated: 06/01/2017,not listed,not listed,not listed,not listed,"1,256 Square Feet",not listed,not listed
Single-Family Home,0.26 acres lot size,3 baths,3 beds,not listed,6.0,not listed,Single-Family Home,Updated: 05/02/2018,not listed,not listed,not listed,not listed,not listed,See Virtual Tour,not listed,"$5,292",not listed,6 days on Trulia,Single-Family Home,0.26 acres lot size,3 Baths,3 Beds,88 views,not listed,Built in 1952,"$849,000",1.0,Property Type: Single Family Residential,not listed,Single-Family Home,Updated: 06/01/2017,not listed,not listed,not listed,not listed,"2,045 Square Feet",not listed,not listed
Single-Family Home,8712 sqft lot size,6 baths,6 beds,"5,000 sqft",15.0,not listed,Single-Family Home,Updated: 05/07/2018,not listed,not listed,not listed,not listed,"5,000 Square Feet",not listed,not listed,"$8,671",not listed,5 days on Trulia,Single-Family Home,8712 sqft lot size,6 Baths,6 Beds,99 views,$280/sqft,Built in 2015,"$1,399,000",1.0,Construction Type: Frame,not listed,Single-Family Home,Updated: 06/01/2017,not listed,not listed,not listed,not listed,"3,260 Square Feet",not listed,not listed
Single-Family Home,0.48 acres lot size,4 baths,5 beds,not listed,11.0,not listed,Single-Family Home,Updated: 05/07/2018,not listed,not listed,not listed,not listed,not listed,not listed,not listed,"$5,845",not listed,69 days on Trulia,Single-Family Home,0.48 acres lot size,4 Baths,5 Beds,407 views,not listed,Built in 1964,"$939,000",1.0,Construction Type: Frame,not listed,Single-Family Home,Updated: 06/01/2017,not listed,not listed,not listed,not listed,"3,220 Square Feet",not listed,not listed
Single-Family Home,5227 sqft lot size,4 baths,4 beds,not listed,3.0,not listed,Single-Family Home,Updated: 04/27/2018,not listed,not listed,not listed,not listed,not listed,not listed,not listed,"$4,616",not listed,11 days on Trulia,Single-Family Home,5227 sqft lot size,4 Baths,4 Beds,58 views,not listed,Built in 1949,"$739,000",1.0,Property Type: Single Family Residential,not listed,Single-Family Home,Updated: 06/01/2017,not listed,not listed,not listed,not listed,"1,790 Square Feet",not listed,not listed
Single-Family Home,9147 sqft lot size,4 baths,4 beds,"2,360 sqft",17.0,not listed,Single-Family Home,Updated: 04/26/2018,not listed,not listed,not listed,not listed,"2,360 Square Feet",See Virtual Tour,not listed,"$4,376",not listed,41 days on Trulia,Single-Family Home,9147 sqft lot size,4 Baths,4 Beds,430 views,$297/sqft,Built in 1924,"$699,900",1.0,Property Type: Single Family Residential,not listed,Single-Family Home,Updated: 06/01/2017,not listed,not listed,not listed,not listed,"2,360 Square Feet",not listed,not listed
Single-Family Home,9147 sqft lot size,3 baths,3 beds,"1,972 sqft",13.0,not listed,Single-Family Home,Updated: 04/13/2018,not listed,not listed,not listed,not listed,"1,972 Square Feet",See Virtual Tour,not listed,"$5,292",not listed,97 days on Trulia,Single-Family Home,9147 sqft lot size,3 Baths,3 Beds,1652 views,$431/sqft,Built in 1941,"$849,000",1.0,Construction Type: Frame,not listed,Single-Family Home,Updated: 06/01/2017,not listed,not listed,not listed,not listed,"1,972 Square Feet",not listed,not listed
Single-Family Home,not listed,3 baths,4 beds,not listed,14.0,not listed,Single-Family Home,Updated: 05/04/2018,not listed,not listed,not listed,not listed,not listed,not listed,not listed,"$3,878",not listed,11 days on Trulia,Single-Family Home,not listed,3 Baths,4 Beds,77 views,not listed,Built in 1988,"$619,000",1.0,Construction Type: Frame,not listed,Single-Family Home,Updated: 06/01/2017,not listed,not listed,not listed,not listed,"2,366 Square Feet",not listed,not listed
Single-Family Home,not listed,2 baths,3 beds,not listed,12.0,not listed,Single-Family Home,Updated: 04/03/2018,not listed,not listed,not listed,not listed,not listed,not listed,not listed,"$3,387",not listed,64 days on Trulia,Single-Family Home,not listed,2 Baths,3 Beds,956 views,not listed,Built in 1921,"$539,000",1.0,Construction Type: Frame,not listed,Single-Family Home,Updated: 06/01/2017,not listed,not listed,not listed,not listed,not listed,not listed,not listed
Single-Family Home,0.25 acres lot size,3 baths,4 beds,not listed,11.0,not listed,Single-Family Home,Updated: 05/07/2018,not listed,not listed,not listed,not listed,not listed,not listed,not listed,"$3,300",not listed,12 days on Trulia,Single-Family Home,0.25 acres lot size,3 Baths,4 Beds,87 views,not listed,Built in 1957,"$524,900",1.0,Property Type: Single Family Residential,not listed,Single-Family Home,Updated: 06/01/2017,not listed,not listed,not listed,not listed,"2,080 Square Feet",not listed,not listed
Single-Family Home,5423 sqft lot size,not listed,not listed,"1,688 sqft",1.0,not listed,Single-Family Home,Updated: 11/24/2017,not listed,not listed,not listed,not listed,"1,688 Square Feet",not listed,not listed,"$2,353",not listed,174 days on Trulia,Single-Family Home,5423 sqft lot size,not listed,not listed,437 views,$220/sqft,Built in 1983,"$370,776
      
              Starting Bid Price",1.0,Property Type: Single Family Residential,not listed,Single-Family Home,Updated: 06/01/2017,not listed,not listed,not listed,not listed,"1,688 Square Feet",not listed,not listed
Single-Family Home,0.36 acres lot size,not listed,not listed,"2,987 sqft",1.0,not listed,Single-Family Home,Updated: 02/01/2018,not listed,not listed,not listed,not listed,"2,987 Square Feet",not listed,not listed,"$3,531",not listed,119 days on Trulia,Single-Family Home,0.36 acres lot size,not listed,not listed,281 views,$188/sqft,Built in 1928,"$562,472
      
              Starting Bid Price",1.0,Construction Type: Frame,not listed,Single-Family Home,Updated: 06/01/2017,not listed,not listed,not listed,not listed,"2,987 Square Feet",not listed,not listed
Single-Family Home,0.25 acres lot size,5 baths,4 beds,not listed,11.0,not listed,Single-Family Home,Updated: 04/04/2018,not listed,not listed,not listed,not listed,not listed,not listed,not listed,"$5,906",not listed,34 days on Trulia,Single-Family Home,0.25 acres lot size,5 Baths,4 Beds,60 views,not listed,Built in 2018,"$949,000",1.0,Property Type: Single Family Residential,not listed,Single-Family Home,Updated: 06/01/2017,not listed,not listed,not listed,not listed,"1,829 Square Feet",not listed,not listed
Single-Family Home,7405 sqft lot size,5 baths,5 beds,not listed,6.0,not listed,Single-Family Home,Updated: 01/18/2018,not listed,not listed,not listed,not listed,not listed,not listed,not listed,"$6,803",not listed,110 days on Trulia,Single-Family Home,7405 sqft lot size,5 Baths,5 Beds,317 views,not listed,Built in 2018,"$1,095,000",1.0,Property Type: Single Family Residential,not listed,Single-Family Home,Updated: 06/01/2017,not listed,not listed,not listed,not listed,"7,200 Square Feet",not listed,not listed
Single-Family Home,0.48 acres lot size,3 baths,4 beds,"2,800 sqft",22.0,not listed,Single-Family Home,Updated: 05/05/2018,not listed,not listed,not listed,not listed,"2,800 Square Feet",not listed,not listed,"$3,761",not listed,47 days on Trulia,Single-Family Home,0.48 acres lot size,3 Baths,4 Beds,3600 views,$214/sqft,Built in 1965,"$599,900",1.0,Property Type: Single Family Residential,not listed,Single-Family Home,Updated: 06/01/2017,not listed,not listed,not listed,not listed,"2,135 Square Feet",not listed,not listed
Single-Family Home,0.31 acres lot size,3 baths,4 beds,"2,950 sqft",29.0,not listed,Single-Family Home,Updated: 05/06/2018,not listed,not listed,not listed,not listed,"2,950 Square Feet",not listed,not listed,"$6,705",not listed,13 days on Trulia,Single-Family Home,0.31 acres lot size,3 Baths,4 Beds,166 views,$366/sqft,Built in 1947,"$1,079,000",1.0,Construction Type: Frame,not listed,Single-Family Home,Updated: 06/01/2017,not listed,not listed,not listed,not listed,"2,637 Square Feet",not listed,not listed
Single-Family Home,0.34 acres lot size,7 baths,6 beds,not listed,11.0,not listed,Single-Family Home,Updated: 03/08/2018,not listed,not listed,not listed,not listed,not listed,See Virtual Tour,not listed,"$9,598",not listed,175 days on Trulia,Single-Family Home,0.34 acres lot size,7 Baths,6 Beds,209 views,not listed,Built in 1960,"$1,549,900",1.0,Property Type: Single Family Residential,not listed,Single-Family Home,Updated: 06/01/2017,not listed,not listed,not listed,not listed,"2,138 Square Feet",not listed,not listed
Single-Family Home,0.25 acres lot size,3 baths,4 beds,"1,526 sqft",24.0,not listed,Single-Family Home,Updated: 05/03/2018,not listed,not listed,not listed,not listed,"1,526 Square Feet",See Virtual Tour,not listed,"$4,530",not listed,5 days on Trulia,Single-Family Home,0.25 acres lot size,3 Baths,4 Beds,73 views,$475/sqft,Built in 1956,"$725,000",1.0,Property Type: Single Family Residential,not listed,Single-Family Home,Updated: 06/01/2017,not listed,not listed,not listed,not listed,"2,188 Square Feet",not listed,not listed
Single-Family Home,10018 sqft lot size,5 baths,4 beds,"3,600 sqft",11.0,not listed,Single-Family Home,Updated: 04/24/2018,not listed,not listed,not listed,not listed,"3,600 Square Feet",See Virtual Tour,not listed,"$7,074",not listed,187 days on Trulia,Single-Family Home,10018 sqft lot size,5 Baths,4 Beds,1147 views,$316/sqft,Built in 2007,"$1,139,000",1.0,Property Type: Single Family Residential,not listed,Single-Family Home,Updated: 06/01/2017,not listed,not listed,not listed,not listed,"3,173 Square Feet",not listed,not listed
Single-Family Home,0.89 acres lot size,4 baths,7 beds,"5,343 sqft",33.0,not listed,Single-Family Home,Updated: 05/07/2018,not listed,not listed,not listed,not listed,"5,343 Square Feet",not listed,not listed,"$9,599",not listed,1 day on Trulia,Single-Family Home,0.89 acres lot size,4 Baths,7 Beds,1264 views,$290/sqft,Built in 1903,"$1,550,000",1.0,Property Type: Single Family Residential,not listed,Single-Family Home,Updated: 06/01/2017,not listed,not listed,not listed,not listed,"4,912 Square Feet",not listed,not listed
Single-Family Home,0.33 acres lot size,4 baths,4 beds,"4,908 sqft",37.0,not listed,Single-Family Home,Updated: 04/27/2018,not listed,not listed,not listed,not listed,"4,908 Square Feet",not listed,not listed,"$9,126",not listed,12 days on Trulia,Single-Family Home,0.33 acres lot size,4 Baths,4 Beds,123 views,$300/sqft,Built in 2000,"$1,473,000",1.0,Construction Type: Frame,not listed,Single-Family Home,Updated: 06/01/2017,not listed,not listed,not listed,not listed,"3,272 Square Feet",not listed,not listed
Single-Family Home,9204 sqft lot size,2 baths,4 beds,"1,585 sqft",26.0,not listed,Single-Family Home,Updated: 04/22/2018,not listed,not listed,not listed,not listed,"1,585 Square Feet",not listed,not listed,"$4,376",not listed,59 days on Trulia,Single-Family Home,9204 sqft lot size,2 Baths,4 Beds,518 views,$442/sqft,Built in 1948,"$700,000",1.0,Property Type: Single Family Residential,not listed,Single-Family Home,Updated: 06/01/2017,not listed,not listed,not listed,not listed,"1,585 Square Feet",not listed,not listed
Single-Family Home,0.38 acres lot size,4 baths,4 beds,not listed,18.0,not listed,Single-Family Home,Updated: 04/19/2018,not listed,not listed,not listed,not listed,not listed,See Virtual Tour,not listed,"$4,161",not listed,76 days on Trulia,Single-Family Home,0.38 acres lot size,4 Baths,4 Beds,606 views,not listed,Built in 1955,"$665,000",1.0,Property Type: Single Family Residential,not listed,Single-Family Home,Updated: 06/01/2017,not listed,not listed,not listed,not listed,"2,242 Square Feet",not listed,not listed
Single-Family Home,7840 sqft lot size,3 baths,4 beds,"2,500 sqft",30.0,not listed,Single-Family Home,Updated: 05/02/2018,not listed,not listed,not listed,not listed,"2,500 Square Feet",not listed,not listed,"$5,230",not listed,6 days on Trulia,Single-Family Home,7840 sqft lot size,3 Baths,4 Beds,49 views,$336/sqft,Built in 1961,"$839,000",1.0,Property Type: Single Family Residential,not listed,Single-Family Home,Updated: 06/01/2017,not listed,not listed,not listed,not listed,"1,592 Square Feet",not listed,not listed
Single-Family Home,9147 sqft lot size,3 baths,4 beds,"2,100 sqft",18.0,not listed,Single-Family Home,Updated: 05/01/2018,not listed,not listed,not listed,not listed,"2,100 Square Feet",not listed,not listed,"$4,192",not listed,12 days on Trulia,Single-Family Home,9147 sqft lot size,3 Baths,4 Beds,631 views,$319/sqft,Built in 1958,"$670,000",1.0,Property Type: Single Family Residential,not listed,Single-Family Home,Updated: 06/01/2017,not listed,not listed,not listed,not listed,"1,508 Square Feet",not listed,not listed
Single-Family Home,8276 sqft lot size,4 baths,5 beds,"3,800 sqft",12.0,not listed,Single-Family Home,Updated: 04/17/2018,not listed,not listed,not listed,not listed,"3,800 Square Feet",not listed,not listed,"$6,527",not listed,29 days on Trulia,Single-Family Home,8276 sqft lot size,4 Baths,5 Beds,484 views,$276/sqft,Built in 2004,"$1,050,000",1.0,Construction Type: Frame,not listed,Single-Family Home,Updated: 06/01/2017,not listed,not listed,not listed,not listed,"2,943 Square Feet",not listed,not listed
Single-Family Home,0.39 acres lot size,2 baths,3 beds,"1,615 sqft",22.0,not listed,Single-Family Home,Updated: 04/18/2018,not listed,not listed,not listed,not listed,"1,615 Square Feet",not listed,not listed,"$4,161",not listed,71 days on Trulia,Single-Family Home,0.39 acres lot size,2 Baths,3 Beds,1822 views,$412/sqft,Built in 1929,"$665,000",1.0,Property Type: Single Family Residential,not listed,Single-Family Home,Updated: 06/01/2017,not listed,not listed,not listed,not listed,"1,615 Square Feet",not listed,not listed
Single-Family Home,0.38 acres lot size,4 baths,4 beds,"4,808 sqft",15.0,not listed,Single-Family Home,Updated: 04/13/2018,not listed,not listed,not listed,not listed,"4,808 Square Feet",See Virtual Tour,not listed,"$8,671",not listed,194 days on Trulia,Single-Family Home,0.38 acres lot size,4 Baths,4 Beds,1787 views,$291/sqft,Built in 2000,"$1,399,000",1.0,Construction Type: Frame,not listed,Single-Family Home,Updated: 06/01/2017,not listed,not listed,not listed,not listed,"4,808 Square Feet",not listed,not listed
Single-Family Home,0.33 acres lot size,2 baths,2 beds,"1,232 sqft",14.0,not listed,Single-Family Home,Updated: 04/09/2018,not listed,not listed,not listed,not listed,"1,232 Square Feet",not listed,not listed,"$4,124",not listed,29 days on Trulia,Single-Family Home,0.33 acres lot size,2 Baths,2 Beds,75 views,$535/sqft,Built in 1939,"$659,000",1.0,Construction Type: Frame,not listed,Single-Family Home,Updated: 06/01/2017,not listed,not listed,not listed,not listed,"1,232 Square Feet",not listed,not listed
Single-Family Home,10454 sqft lot size,5 baths,6 beds,not listed,6.0,not listed,Single-Family Home,Updated: 04/26/2018,not listed,not listed,not listed,not listed,not listed,See Virtual Tour,not listed,"$6,213",not listed,18 days on Trulia,Single-Family Home,10454 sqft lot size,5 Baths,6 Beds,71 views,not listed,Built in 1920,"$999,000",1.0,Construction Type: Frame,not listed,Single-Family Home,Updated: 06/01/2017,not listed,not listed,not listed,not listed,"3,270 Square Feet",not listed,not listed
Multi-Family,6969 sqft lot size,2 baths,4 beds,"1,938 sqft",15.0,not listed,Multi-Family,Updated: 04/09/2018,not listed,not listed,not listed,not listed,"1,938 Square Feet",See Virtual Tour,not listed,"$3,454",not listed,102 days on Trulia,Multi-Family,6969 sqft lot size,2 Baths,4 Beds,734 views,$284/sqft,Built in 1920,"$550,000",1.0,Property Type: Single Family Residential,not listed,Single-Family Home,Updated: 06/01/2017,not listed,not listed,not listed,not listed,"1,938 Square Feet",not listed,not listed
Single-Family Home,0.30 acres lot size,3 baths,4 beds,"2,489 sqft",22.0,not listed,Single-Family Home,Updated: 04/16/2018,not listed,not listed,not listed,not listed,"2,489 Square Feet",See Virtual Tour,not listed,"$4,370",not listed,34 days on Trulia,Single-Family Home,0.30 acres lot size,3 Baths,4 Beds,169 views,$281/sqft,Built in 1966,"$699,000",1.0,Property Type: Single Family Residential,not listed,Single-Family Home,Updated: 06/01/2017,not listed,not listed,not listed,not listed,"2,489 Square Feet",not listed,not listed
Condo,not listed,1 bath,2 beds,not listed,8.0,not listed,Condo,Updated: 04/20/2018,not listed,not listed,not listed,not listed,not listed,See Virtual Tour,not listed,"$2,225",not listed,18 days on Trulia,Condo,not listed,1 Bath,2 Beds,140 views,not listed,Built in 1986,"$349,900",0.0,,,,,,,,,,,
Single-Family Home,0.42 acres lot size,4 baths,5 beds,"2,456 sqft",25.0,not listed,Single-Family Home,Updated: 05/04/2018,not listed,not listed,not listed,not listed,"2,456 Square Feet",not listed,not listed,"$5,297",not listed,29 days on Trulia,Single-Family Home,0.42 acres lot size,4 Baths,5 Beds,456 views,$346/sqft,Built in 1955,"$849,900",1.0,Property Type: Single Family Residential,not listed,Single-Family Home,Updated: 06/01/2017,not listed,not listed,not listed,not listed,"1,403 Square Feet",not listed,not listed
Single-Family Home,7840 sqft lot size,3 baths,4 beds,"2,629 sqft",21.0,not listed,Single-Family Home,Updated: 05/03/2018,not listed,not listed,not listed,not listed,"2,629 Square Feet",not listed,not listed,"$5,759",not listed,8 days on Trulia,Single-Family Home,7840 sqft lot size,3 Baths,4 Beds,844 views,$352/sqft,Built in 2005,"$925,000",1.0,Property Type: Single Family Residential,not listed,Single-Family Home,Updated: 06/01/2017,not listed,not listed,not listed,not listed,"2,629 Square Feet",not listed,not listed
Single-Family Home,not listed,4 baths,4 beds,"7,622 sqft",14.0,not listed,Single-Family Home,Updated: 04/26/2018,not listed,not listed,not listed,not listed,"7,622 Square Feet",See Virtual Tour,not listed,"$6,908",not listed,12 days on Trulia,Single-Family Home,not listed,4 Baths,4 Beds,71 views,$146/sqft,Built in 1954,"$1,112,000",1.0,Property Type: Single Family Residential,not listed,Single-Family Home,Updated: 06/01/2017,not listed,not listed,not listed,not listed,"2,172 Square Feet",not listed,not listed
Single-Family Home,not listed,7 baths,6 beds,not listed,11.0,not listed,Single-Family Home,Updated: 02/22/2018,not listed,not listed,not listed,not listed,not listed,not listed,not listed,"$7,755",not listed,211 days on Trulia,Single-Family Home,not listed,7 Baths,6 Beds,446 views,not listed,Built in 2017,"$1,249,900",0.0,,,,,,,,,,,
Single-Family Home,0.29 acres lot size,3 baths,4 beds,"2,027 sqft",19.0,not listed,Single-Family Home,Updated: 04/28/2018,not listed,not listed,not listed,not listed,"2,027 Square Feet",See Virtual Tour,not listed,"$4,370",not listed,94 days on Trulia,Single-Family Home,0.29 acres lot size,3 Baths,4 Beds,802 views,$345/sqft,Built in 1965,"$699,000",1.0,Construction Type: Frame,not listed,Single-Family Home,Updated: 06/01/2017,not listed,not listed,not listed,not listed,"2,027 Square Feet",not listed,not listed
Single-Family Home,0.28 acres lot size,6 baths,5 beds,"4,800 sqft",33.0,not listed,Single-Family Home,Updated: 05/02/2018,not listed,not listed,not listed,not listed,"4,800 Square Feet",See Virtual Tour,not listed,"$10,207",not listed,60 days on Trulia,Single-Family Home,0.28 acres lot size,6 Baths,5 Beds,578 views,$344/sqft,Built in 2007,"$1,649,000",1.0,Property Type: Single Family Residential,not listed,Single-Family Home,Updated: 06/01/2017,not listed,not listed,not listed,not listed,"3,965 Square Feet",not listed,not listed
Single-Family Home,0.34 acres lot size,3 baths,5 beds,"1,736 sqft",31.0,not listed,Single-Family Home,Updated: 04/18/2018,not listed,not listed,not listed,not listed,"1,736 Square Feet",See Virtual Tour,not listed,"$6,189",not listed,20 days on Trulia,Single-Family Home,0.34 acres lot size,3 Baths,5 Beds,198 views,$573/sqft,Built in 1910,"$995,000",1.0,Construction Type: Frame,not listed,Single-Family Home,Updated: 06/01/2017,not listed,not listed,not listed,not listed,"1,736 Square Feet",not listed,not listed
Single-Family Home,0.62 acres lot size,6 baths,6 beds,"6,800 sqft",13.0,not listed,Single-Family Home,Updated: 04/26/2018,not listed,not listed,not listed,not listed,"6,800 Square Feet",not listed,not listed,"$12,333",not listed,75 days on Trulia,Single-Family Home,0.62 acres lot size,6 Baths,6 Beds,1664 views,$293/sqft,Built in 2017,"$1,995,000",0.0,,,,,,,,,,,
Single-Family Home,0.26 acres lot size,4 baths,5 beds,"4,146 sqft",13.0,not listed,Single-Family Home,Updated: 04/12/2018,not listed,not listed,not listed,not listed,"4,146 Square Feet",See Virtual Tour,not listed,"$8,370",not listed,27 days on Trulia,Single-Family Home,0.26 acres lot size,4 Baths,5 Beds,759 views,$326/sqft,Built in 1922,"$1,350,000",1.0,Construction Type: Frame,not listed,Single-Family Home,Updated: 06/01/2017,not listed,not listed,not listed,not listed,"3,519 Square Feet",not listed,not listed
Condo,not listed,2 baths,2 beds,not listed,3.0,not listed,Condo,Updated: 04/10/2018,not listed,not listed,not listed,not listed,not listed,See Virtual Tour,not listed,"$4,284",not listed,33 days on Trulia,Condo,not listed,2 Baths,2 Beds,144 views,not listed,Built in 2008,"$685,000",0.0,,,,,,,,,,,
Condo,not listed,1 bath,2 beds,not listed,3.0,not listed,Condo,Updated: 04/09/2018,not listed,not listed,not listed,not listed,not listed,See Virtual Tour,not listed,"$1,636",not listed,172 days on Trulia,Condo,not listed,1 Bath,2 Beds,900 views,not listed,Built in 1968,"$254,000",0.0,,,,,,,,,,,
Single-Family Home,0.35 acres lot size,4 baths,5 beds,"3,837 sqft",19.0,not listed,Single-Family Home,Updated: 04/24/2018,not listed,not listed,not listed,not listed,"3,837 Square Feet",not listed,not listed,"$9,286",not listed,14 days on Trulia,Single-Family Home,0.35 acres lot size,4 Baths,5 Beds,122 views,$391/sqft,Built in 1938,"$1,499,000",1.0,Construction Type: Frame,not listed,Single-Family Home,Updated: 06/01/2017,not listed,not listed,not listed,not listed,"3,837 Square Feet",not listed,not listed
Single-Family Home,9583 sqft lot size,6 baths,5 beds,"5,000 sqft",26.0,not listed,Single-Family Home,Updated: 03/07/2018,not listed,not listed,not listed,not listed,"5,000 Square Feet",See Virtual Tour,not listed,"$8,671",not listed,62 days on Trulia,Single-Family Home,9583 sqft lot size,6 Baths,5 Beds,210 views,$280/sqft,Built in 2018,"$1,399,000",1.0,Property Type: Single Family Residential,not listed,Single-Family Home,Updated: 06/01/2017,not listed,not listed,not listed,not listed,"2,097 Square Feet",not listed,not listed
Single-Family Home,0.31 acres lot size,7 baths,6 beds,not listed,5.0,not listed,Single-Family Home,Updated: 01/22/2018,not listed,not listed,not listed,not listed,not listed,not listed,not listed,"$11,442",not listed,173 days on Trulia,Single-Family Home,0.31 acres lot size,7 Baths,6 Beds,516 views,not listed,Built in 2017,"$1,849,900",0.0,,,,,,,,,,,
Single-Family Home,7405 sqft lot size,3 baths,4 beds,"2,819 sqft",19.0,not listed,Single-Family Home,Updated: 04/15/2018,not listed,not listed,not listed,not listed,"2,819 Square Feet",not listed,not listed,"$7,442",not listed,90 days on Trulia,Single-Family Home,7405 sqft lot size,3 Baths,4 Beds,604 views,$425/sqft,Built in 1955,"$1,199,000",1.0,Construction Type: Frame,not listed,Single-Family Home,Updated: 06/01/2017,not listed,not listed,not listed,not listed,"2,819 Square Feet",not listed,not listed
Single-Family Home,0.26 acres lot size,4 baths,4 beds,"2,112 sqft",18.0,not listed,Single-Family Home,Updated: 05/01/2018,not listed,not listed,not listed,not listed,"2,112 Square Feet",not listed,not listed,"$5,421",not listed,68 days on Trulia,Single-Family Home,0.26 acres lot size,4 Baths,4 Beds,740 views,$412/sqft,Built in 1928,"$869,999",1.0,Property Type: Single Family Residential,not listed,Single-Family Home,Updated: 06/01/2017,not listed,not listed,not listed,not listed,"2,112 Square Feet",not listed,not listed
Single-Family Home,0.40 acres lot size,3 baths,4 beds,"3,400 sqft",31.0,not listed,Single-Family Home,Updated: 04/04/2018,not listed,not listed,not listed,not listed,"3,400 Square Feet",See Virtual Tour,not listed,"$7,141",not listed,64 days on Trulia,Single-Family Home,0.40 acres lot size,3 Baths,4 Beds,715 views,$338/sqft,Built in 1996,"$1,150,000",1.0,Property Type: Single Family Residential,not listed,Single-Family Home,Updated: 06/01/2017,not listed,not listed,not listed,not listed,"2,573 Square Feet",not listed,not listed
Multi-Family,3920 sqft lot size,2 baths,4 beds,not listed,5.0,not listed,Multi-Family,Updated: 05/02/2018,not listed,not listed,not listed,not listed,not listed,See Virtual Tour,not listed,"$4,001",not listed,59 days on Trulia,Multi-Family,3920 sqft lot size,2 Baths,4 Beds,601 views,not listed,Built in 1947,"$639,000",1.0,Property Type: Single Family Residential,not listed,Single-Family Home,Updated: 06/01/2017,not listed,not listed,not listed,not listed,"2,088 Square Feet",not listed,not listed
Single-Family Home,9583 sqft lot size,6 baths,6 beds,"3,645 sqft",29.0,not listed,Single-Family Home,Updated: 05/03/2018,not listed,not listed,not listed,not listed,"3,645 Square Feet",See Virtual Tour,not listed,"$8,216",not listed,6 days on Trulia,Single-Family Home,9583 sqft lot size,6 Baths,6 Beds,48 views,$363/sqft,Built in 1909,"$1,324,900",1.0,Construction Type: Frame,not listed,Single-Family Home,Updated: 06/01/2017,not listed,not listed,not listed,not listed,not listed,not listed,not listed
Single-Family Home,0.29 acres lot size,6 baths,5 beds,"3,856 sqft",9.0,not listed,Single-Family Home,Updated: 04/10/2018,not listed,not listed,not listed,not listed,"3,856 Square Feet",See Virtual Tour,not listed,"$8,057",not listed,68 days on Trulia,Single-Family Home,0.29 acres lot size,6 Baths,5 Beds,787 views,$337/sqft,Built in 2006,"$1,299,000",1.0,Property Type: Single Family Residential,not listed,Single-Family Home,Updated: 06/01/2017,not listed,not listed,not listed,not listed,"3,856 Square Feet",not listed,not listed
Single-Family Home,not listed,3 baths,5 beds,not listed,17.0,not listed,Single-Family Home,Updated: 04/10/2018,not listed,not listed,not listed,not listed,not listed,not listed,not listed,"$4,984",not listed,28 days on Trulia,Single-Family Home,not listed,3 Baths,5 Beds,152 views,not listed,Built in 1920,"$799,000",1.0,Property Type: Single Family Residential,not listed,Single-Family Home,Updated: 06/01/2017,not listed,not listed,not listed,not listed,"2,380 Square Feet",not listed,not listed
Single-Family Home,0.39 acres lot size,3 baths,4 beds,not listed,11.0,not listed,Single-Family Home,Updated: 05/04/2018,not listed,not listed,not listed,not listed,not listed,See Virtual Tour,not listed,"$5,912",not listed,5 days on Trulia,Single-Family Home,0.39 acres lot size,3 Baths,4 Beds,51 views,not listed,Built in 1955,"$949,900",1.0,Property Type: Single Family Residential,not listed,Single-Family Home,Updated: 06/01/2017,not listed,not listed,not listed,not listed,not listed,not listed,not listed
Single-Family Home,0.38 acres lot size,5 baths,4 beds,"2,349 sqft",28.0,not listed,Single-Family Home,Updated: 04/27/2018,not listed,not listed,not listed,not listed,"2,349 Square Feet",See Virtual Tour,not listed,"$7,602",not listed,34 days on Trulia,Single-Family Home,0.38 acres lot size,5 Baths,4 Beds,71 views,$521/sqft,Built in 1956,"$1,225,000",1.0,Property Type: Single Family Residential,not listed,Single-Family Home,Updated: 06/01/2017,not listed,not listed,not listed,not listed,"2,349 Square Feet",not listed,not listed
Single-Family Home,0.74 acres lot size,not listed,not listed,"3,464 sqft",9.0,not listed,Single-Family Home,Updated: 01/09/2018,not listed,not listed,not listed,not listed,"3,464 Square Feet",See Virtual Tour,not listed,"$7,442",not listed,210 days on Trulia,Single-Family Home,0.74 acres lot size,not listed,not listed,305 views,$346/sqft,Built in 1953,"$1,199,000",1.0,Construction Type: Frame,not listed,Single-Family Home,Updated: 06/01/2017,not listed,not listed,not listed,not listed,"2,653 Square Feet",not listed,not listed
Single-Family Home,0.26 acres lot size,5 baths,5 beds,"3,324 sqft",13.0,not listed,Single-Family Home,Updated: 02/16/2018,not listed,not listed,not listed,not listed,"3,324 Square Feet",See Virtual Tour,not listed,"$7,442",not listed,230 days on Trulia,Single-Family Home,0.26 acres lot size,5 Baths,5 Beds,1438 views,$361/sqft,Built in 1911,"$1,199,000",1.0,Construction Type: Frame,not listed,Single-Family Home,Updated: 06/01/2017,not listed,not listed,not listed,not listed,"3,324 Square Feet",not listed,not listed
Single-Family Home,0.25 acres lot size,5 baths,6 beds,"3,956 sqft",11.0,not listed,Single-Family Home,Updated: 04/27/2018,not listed,not listed,not listed,not listed,"3,956 Square Feet",See Virtual Tour,not listed,"$8,849",not listed,55 days on Trulia,Single-Family Home,0.25 acres lot size,5 Baths,6 Beds,353 views,$361/sqft,Built in 1925,"$1,428,000",1.0,Construction Type: Frame,not listed,Single-Family Home,Updated: 06/01/2017,not listed,not listed,not listed,not listed,"3,956 Square Feet",not listed,not listed
Single-Family Home,0.48 acres lot size,3 baths,4 beds,"2,705 sqft",13.0,not listed,Single-Family Home,Updated: 05/02/2018,not listed,not listed,not listed,not listed,"2,705 Square Feet",See Virtual Tour,not listed,"$5,604",not listed,104 days on Trulia,Single-Family Home,0.48 acres lot size,3 Baths,4 Beds,2325 views,$333/sqft,Built in 1987,"$899,900",1.0,Construction Type: Frame,not listed,Single-Family Home,Updated: 06/01/2017,not listed,not listed,not listed,not listed,"2,705 Square Feet",not listed,not listed
Single-Family Home,0.63 acres lot size,6 baths,7 beds,1 sqft,16.0,not listed,Single-Family Home,Updated: 05/07/2018,not listed,not listed,not listed,not listed,1 Square Feet,not listed,not listed,"$11,719",not listed,90 days on Trulia,Single-Family Home,0.63 acres lot size,6 Baths,7 Beds,400 views,"$1,895,000/sqft",Built in 2008,"$1,895,000",1.0,Property Type: Single Family Residential,not listed,Single-Family Home,Updated: 06/01/2017,not listed,not listed,not listed,not listed,"3,816 Square Feet",not listed,not listed
Single-Family Home,0.28 acres lot size,3 baths,5 beds,"3,679 sqft",24.0,not listed,Single-Family Home,Updated: 05/07/2018,not listed,not listed,not listed,not listed,"3,679 Square Feet",See Virtual Tour,not listed,"$5,144",not listed,21 days on Trulia,Single-Family Home,0.28 acres lot size,3 Baths,5 Beds,221 views,$224/sqft,Built in 1939,"$825,000",1.0,Property Type: Single Family Residential,not listed,Single-Family Home,Updated: 06/01/2017,not listed,not listed,not listed,not listed,"1,845 Square Feet",not listed,not listed
Single-Family Home,0.28 acres lot size,2 baths,3 beds,not listed,24.0,not listed,Single-Family Home,Updated: 05/07/2018,not listed,not listed,not listed,not listed,not listed,not listed,not listed,"$3,571",not listed,11 days on Trulia,Single-Family Home,0.28 acres lot size,2 Baths,3 Beds,128 views,not listed,Built in 1929,"$569,000",1.0,Property Type: Single Family Residential,not listed,Single-Family Home,Updated: 06/01/2017,not listed,not listed,not listed,not listed,not listed,not listed,not listed
Single-Family Home,0.69 acres lot size,5 baths,4 beds,not listed,10.0,not listed,Single-Family Home,Updated: 05/04/2018,not listed,not listed,not listed,not listed,not listed,See Virtual Tour,not listed,"$8,671",not listed,41 days on Trulia,Single-Family Home,0.69 acres lot size,5 Baths,4 Beds,139 views,not listed,Built in 1960,"$1,399,000",1.0,Construction Type: Frame,not listed,Single-Family Home,Updated: 06/01/2017,not listed,not listed,not listed,not listed,"3,735 Square Feet",not listed,not listed
Single-Family Home,6534 sqft lot size,1 bath,4 beds,"1,140 sqft",20.0,not listed,Single-Family Home,Updated: 04/25/2018,not listed,not listed,not listed,not listed,"1,140 Square Feet",not listed,not listed,"$3,378",not listed,64 days on Trulia,Single-Family Home,6534 sqft lot size,1 Bath,4 Beds,698 views,$471/sqft,Built in 1948,"$537,500",1.0,Construction Type: Frame,not listed,Single-Family Home,Updated: 06/01/2017,not listed,not listed,not listed,not listed,"1,140 Square Feet",not listed,not listed
Single-Family Home,0.39 acres lot size,4 baths,7 beds,not listed,9.0,not listed,Single-Family Home,Updated: 05/03/2018,not listed,not listed,not listed,not listed,not listed,See Virtual Tour,not listed,"$9,599",not listed,5 days on Trulia,Single-Family Home,0.39 acres lot size,4 Baths,7 Beds,66 views,not listed,Built in 1910,"$1,550,000",1.0,Property Type: Single Family Residential,not listed,Single-Family Home,Updated: 06/01/2017,not listed,not listed,not listed,not listed,"4,328 Square Feet",not listed,not listed
Single-Family Home,0.71 acres lot size,3 baths,4 beds,"1,956 sqft",19.0,not listed,Single-Family Home,Updated: 03/23/2018,not listed,not listed,not listed,not listed,"1,956 Square Feet",See Virtual Tour,not listed,"$4,038",not listed,82 days on Trulia,Single-Family Home,0.71 acres lot size,3 Baths,4 Beds,2021 views,$330/sqft,Built in 1925,"$645,000",1.0,Construction Type: Frame,not listed,Single-Family Home,Updated: 06/01/2017,not listed,not listed,not listed,not listed,"1,956 Square Feet",not listed,not listed
Single-Family Home,0.27 acres lot size,3 baths,4 beds,"3,200 sqft",29.0,not listed,Single-Family Home,Updated: 05/04/2018,not listed,not listed,not listed,not listed,"3,200 Square Feet",not listed,not listed,"$7,448",not listed,21 days on Trulia,Single-Family Home,0.27 acres lot size,3 Baths,4 Beds,84 views,$375/sqft,Built in 1947,"$1,200,000",1.0,Construction Type: Frame,not listed,Single-Family Home,Updated: 06/01/2017,not listed,not listed,not listed,not listed,"2,353 Square Feet",not listed,not listed
Single-Family Home,5227 sqft lot size,4 baths,4 beds,"1,482 sqft",13.0,not listed,Single-Family Home,Updated: 05/07/2018,not listed,not listed,not listed,not listed,"1,482 Square Feet",not listed,not listed,"$4,370",not listed,63 days on Trulia,Single-Family Home,5227 sqft lot size,4 Baths,4 Beds,428 views,$472/sqft,Built in 1963,"$699,000",1.0,Construction Type: Frame,not listed,Single-Family Home,Updated: 06/01/2017,not listed,not listed,not listed,not listed,"1,482 Square Feet",not listed,not listed
Single-Family Home,0.25 acres lot size,7 baths,6 beds,not listed,11.0,not listed,Single-Family Home,Updated: 05/06/2018,not listed,not listed,not listed,not listed,not listed,See Virtual Tour,not listed,"$8,733",not listed,33 days on Trulia,Single-Family Home,0.25 acres lot size,7 Baths,6 Beds,1140 views,not listed,Built in 2017,"$1,409,000",0.0,,,,,,,,,,,
Single-Family Home,0.50 acres lot size,3 baths,4 beds,"2,156 sqft",11.0,not listed,Single-Family Home,Updated: 05/07/2018,not listed,not listed,not listed,not listed,"2,156 Square Feet",See Virtual Tour,not listed,"$4,653",not listed,64 days on Trulia,Single-Family Home,0.50 acres lot size,3 Baths,4 Beds,478 views,$346/sqft,Built in 1963,"$745,000",1.0,Construction Type: Frame,not listed,Single-Family Home,Updated: 06/01/2017,not listed,not listed,not listed,not listed,"2,156 Square Feet",not listed,not listed
Single-Family Home,6098 sqft lot size,3 baths,4 beds,"2,322 sqft",15.0,not listed,Single-Family Home,Updated: 04/13/2018,not listed,not listed,not listed,not listed,"2,322 Square Feet",See Virtual Tour,not listed,"$4,677",not listed,139 days on Trulia,Single-Family Home,6098 sqft lot size,3 Baths,4 Beds,2470 views,$323/sqft,Built in 2017,"$749,000",1.0,Property Type: Single Family Residential,not listed,Single-Family Home,Updated: 06/01/2017,not listed,not listed,not listed,not listed,"2,094 Square Feet",not listed,not listed
Single-Family Home,0.26 acres lot size,5 baths,5 beds,"4,300 sqft",28.0,not listed,Single-Family Home,Updated: 05/04/2018,not listed,not listed,not listed,not listed,"4,300 Square Feet",See Virtual Tour,not listed,"$8,524",not listed,6 days on Trulia,Single-Family Home,0.26 acres lot size,5 Baths,5 Beds,85 views,$320/sqft,Built in 1925,"$1,375,000",1.0,Construction Type: Frame,not listed,Single-Family Home,Updated: 06/01/2017,not listed,not listed,not listed,not listed,"2,979 Square Feet",not listed,not listed
Single-Family Home,not listed,3 baths,4 beds,not listed,14.0,not listed,Single-Family Home,Updated: 04/25/2018,not listed,not listed,not listed,not listed,not listed,See Virtual Tour,not listed,"$5,599",not listed,77 days on Trulia,Single-Family Home,not listed,3 Baths,4 Beds,261 views,not listed,Built in 1961,"$899,000",1.0,Construction Type: Frame,not listed,Single-Family Home,Updated: 06/01/2017,not listed,not listed,not listed,not listed,"2,475 Square Feet",not listed,not listed
Single-Family Home,10119 sqft lot size,4 baths,4 beds,"1,700 sqft",27.0,not listed,Single-Family Home,Updated: 04/23/2018,not listed,not listed,not listed,not listed,"1,700 Square Feet",not listed,not listed,"$3,731",not listed,15 days on Trulia,Single-Family Home,10119 sqft lot size,4 Baths,4 Beds,149 views,$350/sqft,Built in 1930,"$595,000",1.0,Construction Type: Frame,not listed,Single-Family Home,Updated: 06/01/2017,not listed,not listed,not listed,not listed,"1,512 Square Feet",not listed,not listed
Single-Family Home,7000 sqft lot size,not listed,not listed,"2,181 sqft",1.0,not listed,Single-Family Home,Updated: 04/18/2018,not listed,not listed,not listed,not listed,"2,181 Square Feet",not listed,not listed,"$3,332",not listed,26 days on Trulia,Single-Family Home,7000 sqft lot size,not listed,not listed,5 views,$243/sqft,Built in 1960,"$530,058
      
              Starting Bid Price",1.0,Property Type: Single Family Residential,not listed,Single-Family Home,Updated: 06/01/2017,not listed,not listed,not listed,not listed,"2,181 Square Feet",not listed,not listed
Single-Family Home,6534 sqft lot size,4 baths,5 beds,"2,360 sqft",10.0,not listed,Single-Family Home,Updated: 05/01/2018,not listed,not listed,not listed,not listed,"2,360 Square Feet",See Virtual Tour,not listed,"$7,110",not listed,36 days on Trulia,Single-Family Home,6534 sqft lot size,4 Baths,5 Beds,325 views,$485/sqft,Built in 2007,"$1,145,000",1.0,Construction Type: Frame,not listed,Single-Family Home,Updated: 06/01/2017,not listed,not listed,not listed,not listed,"2,360 Square Feet",not listed,not listed
Single-Family Home,0.27 acres lot size,2 baths,3 beds,not listed,6.0,not listed,Single-Family Home,Updated: 04/09/2018,not listed,not listed,not listed,not listed,not listed,See Virtual Tour,not listed,"$4,554",not listed,95 days on Trulia,Single-Family Home,0.27 acres lot size,2 Baths,3 Beds,310 views,not listed,Built in 1921,"$729,000",1.0,Construction Type: Frame,not listed,Single-Family Home,Updated: 06/01/2017,not listed,not listed,not listed,not listed,"1,602 Square Feet",not listed,not listed
Single-Family Home,0.92 acres lot size,5 baths,5 beds,not listed,7.0,not listed,Single-Family Home,Updated: 04/09/2018,not listed,not listed,not listed,not listed,not listed,See Virtual Tour,not listed,"$10,988",not listed,74 days on Trulia,Single-Family Home,0.92 acres lot size,5 Baths,5 Beds,630 views,not listed,Built in 2005,"$1,776,000",1.0,Construction Type: Brick,not listed,Single-Family Home,Updated: 06/01/2017,not listed,not listed,not listed,not listed,"3,187 Square Feet",not listed,not listed
Single-Family Home,6752 sqft lot size,3 baths,3 beds,"1,204 sqft",20.0,not listed,Single-Family Home,Updated: 04/04/2018,not listed,not listed,not listed,not listed,"1,204 Square Feet",not listed,not listed,"$3,392",not listed,75 days on Trulia,Single-Family Home,6752 sqft lot size,3 Baths,3 Beds,172 views,$448/sqft,Built in 1921,"$539,900",1.0,Construction Type: Frame,not listed,Single-Family Home,Updated: 06/01/2017,not listed,not listed,not listed,not listed,not listed,not listed,not listed
Single-Family Home,0.55 acres lot size,9 baths,7 beds,"6,282 sqft",13.0,not listed,Single-Family Home,Updated: 12/01/2017,not listed,not listed,not listed,not listed,"6,282 Square Feet",not listed,not listed,"$13,593",not listed,158 days on Trulia,Single-Family Home,0.55 acres lot size,9 Baths,7 Beds,224 views,$350/sqft,Built in 2018,"$2,200,000",1.0,Construction Type: Frame,not listed,Single-Family Home,Updated: 06/01/2017,not listed,not listed,not listed,not listed,"2,340 Square Feet",not listed,not listed
Single-Family Home,8712 sqft lot size,5 baths,4 beds,"1,428 sqft",15.0,not listed,Single-Family Home,Updated: 04/10/2018,not listed,not listed,not listed,not listed,"1,428 Square Feet",See Virtual Tour,not listed,"$7,141",not listed,77 days on Trulia,Single-Family Home,8712 sqft lot size,5 Baths,4 Beds,900 views,$805/sqft,Built in 1952,"$1,150,000",1.0,Construction Type: Frame,not listed,Single-Family Home,Updated: 06/01/2017,not listed,not listed,not listed,not listed,"2,877 Square Feet",not listed,not listed
Single-Family Home,3955 sqft lot size,not listed,not listed,896 sqft,1.0,not listed,Single-Family Home,Updated: 05/03/2018,not listed,not listed,not listed,not listed,896 Square Feet,not listed,not listed,"$2,530",not listed,18 days on Trulia,Single-Family Home,3955 sqft lot size,not listed,not listed,not listed,$446/sqft,Built in 1952,"$399,556
      
              Starting Bid Price",1.0,Property Type: Single Family Residential,not listed,Single-Family Home,Updated: 06/01/2017,not listed,not listed,not listed,not listed,896 Square Feet,not listed,not listed
Condo,not listed,2 baths,2 beds,not listed,3.0,not listed,Condo,Updated: 05/01/2018,not listed,not listed,not listed,not listed,not listed,See Virtual Tour,not listed,"$2,650",not listed,7 days on Trulia,Condo,not listed,2 Baths,2 Beds,64 views,not listed,Built in 1986,"$419,000",0.0,,,,,,,,,,,
Single-Family Home,0.41 acres lot size,3 baths,3 beds,"2,499 sqft",20.0,not listed,Single-Family Home,Updated: 04/19/2018,not listed,not listed,not listed,not listed,"2,499 Square Feet",See Virtual Tour,not listed,"$5,604",not listed,19 days on Trulia,Single-Family Home,0.41 acres lot size,3 Baths,3 Beds,149 views,$360/sqft,Built in 1954,"$899,900",1.0,Construction Type: Frame,not listed,Single-Family Home,Updated: 06/01/2017,not listed,not listed,not listed,not listed,"2,499 Square Feet",not listed,not listed
Single-Family Home,10454 sqft lot size,5 baths,5 beds,not listed,9.0,not listed,Single-Family Home,Updated: 05/05/2018,not listed,not listed,not listed,not listed,not listed,See Virtual Tour,not listed,"$7,602",not listed,83 days on Trulia,Single-Family Home,10454 sqft lot size,5 Baths,5 Beds,295 views,not listed,Built in 1920,"$1,225,000",1.0,Property Type: Single Family Residential,not listed,Single-Family Home,Updated: 06/01/2017,not listed,not listed,not listed,not listed,"3,600 Square Feet",not listed,not listed
Single-Family Home,8276 sqft lot size,4 baths,4 beds,not listed,14.0,not listed,Single-Family Home,Updated: 04/24/2018,not listed,not listed,not listed,not listed,not listed,not listed,not listed,"$6,213",not listed,15 days on Trulia,Single-Family Home,8276 sqft lot size,4 Baths,4 Beds,214 views,not listed,Built in 1890,"$999,000",1.0,Construction Type: Frame,not listed,Single-Family Home,Updated: 06/01/2017,not listed,not listed,not listed,not listed,"2,196 Square Feet",not listed,not listed
Single-Family Home,9583 sqft lot size,not listed,not listed,"1,216 sqft",1.0,not listed,Single-Family Home,Updated: 05/07/2018,not listed,not listed,not listed,not listed,"1,216 Square Feet",not listed,not listed,"$2,600",not listed,82 days on Trulia,Single-Family Home,9583 sqft lot size,not listed,not listed,60 views,$338/sqft,Built in 1929,"$410,892",1.0,Construction Type: Frame,not listed,Single-Family Home,Updated: 06/01/2017,not listed,not listed,not listed,not listed,"1,216 Square Feet",not listed,not listed
Single-Family Home,0.45 acres lot size,2 baths,3 beds,"1,667 sqft",12.0,not listed,Single-Family Home,Updated: 04/16/2018,not listed,not listed,not listed,not listed,"1,667 Square Feet",not listed,not listed,"$3,608",not listed,89 days on Trulia,Single-Family Home,0.45 acres lot size,2 Baths,3 Beds,705 views,$345/sqft,Built in 1890,"$575,000",1.0,Construction Type: Frame,not listed,Single-Family Home,Updated: 06/01/2017,not listed,not listed,not listed,not listed,"1,667 Square Feet",not listed,not listed
Single-Family Home,not listed,6 baths,5 beds,"4,000 sqft",26.0,not listed,Single-Family Home,Updated: 04/03/2018,not listed,not listed,not listed,not listed,"4,000 Square Feet",not listed,not listed,"$12,057",not listed,35 days on Trulia,Single-Family Home,not listed,6 Baths,5 Beds,174 views,$488/sqft,Built in 2011,"$1,950,000",1.0,Property Type: Single Family Residential,not listed,Single-Family Home,Updated: 06/01/2017,not listed,not listed,not listed,not listed,"3,895 Square Feet",not listed,not listed
Single-Family Home,9221 sqft lot size,3 baths,4 beds,"3,200 sqft",28.0,not listed,Single-Family Home,Updated: 05/01/2018,not listed,not listed,not listed,not listed,"3,200 Square Feet",not listed,not listed,"$5,880",not listed,8 days on Trulia,Single-Family Home,9221 sqft lot size,3 Baths,4 Beds,118 views,$295/sqft,Built in 1879,"$944,750",1.0,Property Type: Single Family Residential,not listed,Single-Family Home,Updated: 06/01/2017,not listed,not listed,not listed,not listed,"2,116 Square Feet",not listed,not listed
Single-Family Home,0.34 acres lot size,5 baths,6 beds,not listed,11.0,not listed,Single-Family Home,Updated: 04/10/2018,not listed,not listed,not listed,not listed,not listed,See Virtual Tour,not listed,"$10,490",not listed,90 days on Trulia,Single-Family Home,0.34 acres lot size,5 Baths,6 Beds,401 views,not listed,Built in 2005,"$1,695,000",1.0,Property Type: Single Family Residential,not listed,Single-Family Home,Updated: 06/01/2017,not listed,not listed,not listed,not listed,"4,232 Square Feet",not listed,not listed
Single-Family Home,0.35 acres lot size,3 baths,5 beds,"1,930 sqft",21.0,not listed,Single-Family Home,Updated: 05/06/2018,not listed,not listed,not listed,not listed,"1,930 Square Feet",See Virtual Tour,not listed,"$5,574",not listed,33 days on Trulia,Single-Family Home,0.35 acres lot size,3 Baths,5 Beds,220 views,$464/sqft,Built in 1955,"$895,000",1.0,Construction Type: Frame,not listed,Single-Family Home,Updated: 06/01/2017,not listed,not listed,not listed,not listed,"1,930 Square Feet",not listed,not listed
Single-Family Home,0.54 acres lot size,4 baths,4 beds,not listed,14.0,not listed,Single-Family Home,Updated: 04/17/2018,not listed,not listed,not listed,not listed,not listed,not listed,not listed,"$6,219",not listed,22 days on Trulia,Single-Family Home,0.54 acres lot size,4 Baths,4 Beds,102 views,not listed,Built in 1976,"$999,999",1.0,Property Type: Single Family Residential,not listed,Single-Family Home,Updated: 06/01/2017,not listed,not listed,not listed,not listed,"2,009 Square Feet",not listed,not listed
Single-Family Home,6969 sqft lot size,5 baths,5 beds,not listed,8.0,not listed,Single-Family Home,Updated: 04/29/2018,not listed,not listed,not listed,not listed,not listed,See Virtual Tour,not listed,"$6,680",not listed,144 days on Trulia,Single-Family Home,6969 sqft lot size,5 Baths,5 Beds,444 views,not listed,Built in 2018,"$1,075,000",0.0,,,,,,,,,,,
Single-Family Home,10454 sqft lot size,3 baths,5 beds,"3,324 sqft",16.0,not listed,Single-Family Home,Updated: 04/28/2018,not listed,not listed,not listed,not listed,"3,324 Square Feet",not listed,not listed,"$8,984",not listed,20 days on Trulia,Single-Family Home,10454 sqft lot size,3 Baths,5 Beds,156 views,$436/sqft,Built in 1950,"$1,450,000",1.0,Construction Type: Frame,not listed,Single-Family Home,Updated: 06/01/2017,not listed,not listed,not listed,not listed,not listed,not listed,not listed
Single-Family Home,3484 sqft lot size,not listed,3 beds,896 sqft,12.0,not listed,Single-Family Home,Updated: 05/07/2018,not listed,not listed,not listed,not listed,896 Square Feet,not listed,not listed,"$1,500",not listed,245 days on Trulia,Single-Family Home,3484 sqft lot size,not listed,3 Beds,382 views,$259/sqft,Built in 1952,"$231,997",1.0,Property Type: Single Family Residential,not listed,Single-Family Home,Updated: 06/01/2017,not listed,not listed,not listed,not listed,896 Square Feet,not listed,not listed
